fracBits,MSE
4,127.575
5,23.2274
6,3.50672
7,1.44888
8,0.159313
9,0.071217
10,0.00955962
11,0.00221041
12,0.000587093
13,0.000162841
14,4.79688e-05
15,2.10053e-05
16,2.81127e-06
17,1.04186e-06
18,2.62932e-08
19,1.18431e-08
20,2.82803e-08
21,0
22,0
23,0
24,0
25,0
26,0
27,0
28,0
29,0
30,0
31,0
32,0
