CONST_W,AvgError,MaxError,Mismatches
16,0.0012138,0.00917053,12628
15,0.00316885,0.0524902,12706
14,0.00855903,0.0610962,12780
13,0.0158359,0.0802612,12788
12,0.0402007,0.292877,12792
11,0.0704415,0.458557,12798
10,0.135129,0.877838,12797
9,0.375776,2.10887,12799
8,0.679228,3.34691,12800
7,1.31914,10.3633,12799
6,2.68807,13.8252,12800
5,6.2166,57.1484,12798
